Selección,Nombre Jugador,Posición,Club ,Titular,Suplente,Ingreso
Russia,Igor Akinfeev,Arquero,CSKA Moskva,,,
Russia,Vladimir Gabulov,Arquero,Club Brugge,,,
Russia,Andrei Lunyov,Arquero,Zenit,,,
Russia,Soslan Dzhanayev,Arquero,Rubin Kazan,,,
Russia,Fyodor Kudryashov,Defensa,Rubin Kazan,,,
Russia,Vladimir Granat,Defensa,Rubin Kazan,,,
Russia,Ilya Kutepov,Defensa,Spartak Moskva,,,
Russia,Roman Neustädter,Defensa,Fenerbahçe SK,,,
Russia,Andrei Semyonov,Defensa,Akhmat,,,
Russia,Sergei Ignashevich,Defensa,CSKA Moscú,,,
Russia,Aleksandr Samedov,Defensa,Spartak Moskva,,,
Russia,Igor Smolnikov,Defensa,Zenit,,,
Russia,Mário Fernandes,Defensa,CSKA Moskva,,,
Russia,Yuri Zhirkov,Defensa,Zenit,,,
Russia,Konstantin Rausch,Defensa,Dinamo Moskva,,,
Russia,Yuri Gazinsky,Centrocampista,FC Krasnodar,,,
Russia,Daler Kuzyaev,Centrocampista,Zenit,,,
Russia,Aleksandr Yerokhin,Centrocampista,Zenit,,,
Russia,Aleksandr Golovin,Centrocampista,CSKA Moskva,,,
Russia,Roman Zobnin,Centrocampista,Spartak Moskva,,,
Russia,Alan Dzagoev,Centrocampista,CSKA Moskva,,,
Russia,Aleksei Miranchuk,Centrocampista,Lokomotiv Moskva,,,
Russia,Denis Cheryshev,Centrocampista,Villarreal CF,,,
Russia,Anton Mirachuk,Centrocampista,Lokomotiv Moskva,,,
Russia,Aleksandr Tashayev,Centrocampista,Dinamo Moskva,,,
Russia,Fyodor Smolov,Delantero,FC Krasnodar,,,
Russia,Artyom Dzyuba,Delantero,Arsenal Tula,,,
Russia,Fyodor Chalov,Delantero,CSKA Moskva,,,
Saudi Arabia,Assaf Al-Qarny,Arquero,Al-Ittihad/Arabia Saudí,,,
Saudi Arabia,Mohammed Al-Owais,Arquero,Al-Ahli/Arabia Saudí,,,
Saudi Arabia,Yasser Al-Musailem,Arquero,Al-Ahli/Arabia Saudí,,,
Saudi Arabia,Abdullah Al-Mayuf,Arquero,Al-Hilal/Arabia Saudí,,,
Saudi Arabia,Mansoor Al-Harbi,Defensa,Al-Ahli/Arabia Saudí,,,
Saudi Arabia,Yasser Al-Shahrani,Defensa,Al-Hilal/Arabia Saudí,,,
Saudi Arabia,Mohammed Al-Breik,Defensa,Al-Hilal/Arabia Saudí,,,
Saudi Arabia,Saeed Al-Mowalad,Defensa,Al-Ahli/Arabia Saudí,,,
Saudi Arabia,Motaz Hawsawi,Defensa,Al-Ahli/Arabia Saudí,,,
Saudi Arabia,Osama Hawsawi,Defensa,Al-Hilal/Arabia Saudí,,,
Saudi Arabia,Omar Hawsawi,Defensa,Al-Nasr/Emiratos Árabes Unidos,,,
Saudi Arabia,Mohammed Jahfali,Defensa,Al-Hilal/Arabia Saudí,,,
Saudi Arabia,Ali Al-Bulaihi,Defensa,Al-Hilal/Arabia Saudí,,,
Saudi Arabia,Abdullah Al-Khaibari,Centrocampista,Al-Shabab/Arabia Saudí,,,
Saudi Arabia,Abdulmalek Al-Khaibri,Centrocampista,Al-Hilal/Arabia Saudí,,,
Saudi Arabia,Abdullah Otayf,Centrocampista,Al-Hilal/Arabia Saudí,,,
Saudi Arabia,Taiseer Al-Jassim,Centrocampista,Al-Ahli/Arabia Saudí,,,
Saudi Arabia,Houssain Al-Mogahwi,Centrocampista,Al-Ahli/Arabia Saudí,,,
Saudi Arabia,Salman Al-Faraj,Centrocampista,Al-Hilal/Arabia Saudí,,,
Saudi Arabia,Nawaf Al-Abed,Centrocampista,Al-Hilal/Arabia Saudí,,,
Saudi Arabia,Mohamed Kanno,Centrocampista,Al-Hilal/Arabia Saudí,,,
Saudi Arabia,Hattan Bahebri,Centrocampista,Al-Shabab/Arabia Saudí,,,
Saudi Arabia,Mohammed Al-Kwikbi,Centrocampista,Al-Ettifaq/Arabia Saudí,,,
Saudi Arabia,Salem Al-Dawsari,Centrocampista,Villarreal CF,,,
Saudi Arabia,Yehya Al-Shehri,Centrocampista,Leganés,,,
Saudi Arabia,Fahad Al-Muwallad,Delantero,Levante,,,
Saudi Arabia,Mohammad Al-Sahlawi,Delantero,Al-Nasr/Emiratos Árabes Unidos,,,
Saudi Arabia,Muhannad Assiri,Delantero,Al-Ahli/Arabia Saudí,,,
Egypt,Essam El Hadary,Arquero,Al Taawoun,,,
Egypt,Mohamed El-Shenawy,Arquero,Al Ahly,,,
Egypt,Sherif Ekramy,Arquero,Al Ahly,,,
Egypt,Mohamed Awad,Arquero,Ismaily,,,
Egypt,Ahmed Fathi,Defensa,Al Ahly,,,
Egypt,Saad Samir,Defensa,Al Ahly,,,
Egypt,Ayman Ashraf,Defensa,Al Ahly,,,
Egypt,Mahmoud Hamdy,Defensa,Zamalek,,,
Egypt,Mohamed Abdel-Shafy,Defensa,Al Fateh,,,
Egypt,Ahmed Hegazi,Defensa,West Bromwich,,,
Egypt,Ali Gabr,Defensa,West Bromwich,,,
Egypt,Ahmed Elmohamady,Defensa,Aston Villa,,,
Egypt,Karim Hafez,Defensa,Lens,,,
Egypt,Omar Gaber,Defensa,Los Angeles FC,,,
Egypt,Amro Tarek,Defensa,Orlando City,,,
Egypt,Tarek Hamed,Centrocampista,Zamalek,,,
Egypt,Mahmoud Abdel Aziz,Centrocampista,Zamalek,,,
Egypt,Shikabala,Centrocampista,Al Raed,,,
Egypt,Abdallah Said,Centrocampista,"KuPS, Finland",,,
Egypt,Sam Morsy,Centrocampista,Wigan,,,
Egypt,Mohamed Elneny,Centrocampista,Arsenal,,,
Egypt,Kahraba,Centrocampista,Al Ittihad,,,
Egypt,Ramadan Sobhi,Centrocampista,Stoke City,,,
Egypt,Mahmoud Hassan,Centrocampista,Kasimpasa,,,
Egypt,Amr Warda,Centrocampista,Atromitos,,,
Egypt,Marwan Mohsen,Delantero,Al Ahly,,,
Egypt,Ahmed Gomaa,Delantero,Al Masry,,,
Egypt,Ahmed Hassan,Delantero,SC Braga,,,
Egypt,Mohamed Salah,Delantero,Liverpool,,,
Uruguay ,Fernando Muslera,Arquero,Galatasaray,,,
Uruguay ,Martín Silva,Arquero,Vasco da Gama,,,
Uruguay ,Martín Campaña,Arquero,Independiente,,,
Uruguay ,Diego Godín,Defensa,Atlético de Madrid,,,
Uruguay ,Sebastián Coates,Defensa,Sporting ,,,
Uruguay ,José María Giménez,Defensa,Atlético de Madrid,,,
Uruguay ,Guillermo Varela,Defensa,Peñarol,,,
Uruguay ,Maxi Pereira,Defensa,Oporto,,,
Uruguay ,Gastón Silva,Defensa,Independiente,,,
Uruguay ,Martín Cáceres,Defensa,Lazio,,,
Uruguay ,Fede Valverde,Centrocampista,Deportivo La Coruña,,,
Uruguay ,Rodrigo Bentancur,Centrocampista,Juventus,,,
Uruguay ,Carlos Sánchez,Centrocampista,Monterrey,,,
Uruguay ,Giorgian De Arrascaeta,Centrocampista,Cruzeiro,,,
Uruguay ,Diego Laxalt,Centrocampista,Genoa,,,
Uruguay ,Matías Vecino,Centrocampista,Inter,,,
Uruguay ,Naithan Nández,Centrocampista,Boca Juniors,,,
Uruguay ,Lucas Torreira,Centrocampista,Sampdoria,,,
Uruguay ,Cristian Rodríguez,Centrocampista,Peñarol,,,
Uruguay ,Jonathan Urretaviscaya,Centrocampista,Monterrey,,,
Uruguay ,Nicolás Lodeiro,Centrocampista,Seattle Sounders,,,
Uruguay ,Gastón Ramírez,Centrocampista,Sampdoria,,,
Uruguay ,Cristhian Stuani,Delantero,Girona,,,
Uruguay ,Edinson Cavani,Delantero,PSG,,,
Uruguay ,Luis Suárez,Delantero,Barcelona,,,
Uruguay ,Maxi Gómez,Delantero,Celta de Vigo,,,
Portugal,Anthony Lopes,Arquero,Lyon,,,
Portugal,Beto,Arquero,Goztepe,,,
Portugal,Rui Patrício,Arquero,Sporting,,,
Portugal,Bruno Alves,Defensa,Rangers,,,
Portugal,Cédric Soares,Defensa,Southampton,,,
Portugal,José Fonte,Defensa,Dalian Yifang,,,
Portugal,Mário Rui,Defensa,Napoli,,,
Portugal,Pepe,Defensa,Besiktas,,,
Portugal,Raphael Guerreiro,Defensa,Dortmund,,,
Portugal,Ricardo Pereira,Defensa,Oporto,,,
Portugal,Rúben Dias,Defensa,Benfica,,,
Portugal,Adrien Silva,Centrocampista,Leicester,,,
Portugal,Bruno Fernandes,Centrocampista,Sporting,,,
Portugal,João Mário,Centrocampista,West Ham,,,
Portugal,João Moutinho,Centrocampista,Mónaco,,,
Portugal,Manuel Fernandes,Centrocampista,Lokomotiv,,,
Portugal,William Carvalho,Centrocampista,Sporting,,,
Portugal,André Silva,Delantero,Milan,,,
Portugal,Bernardo Silva,Delantero,Manchester City,,,
Portugal,Cristiano Ronaldo,Delantero,Real Madrid,,,
Portugal,Gelson Martins,Delantero,Sporting,,,
Portugal,Gonçalo Guedes,Delantero,Valencia,,,
Portugal,Ricardo Quaresma,Delantero,Besiktas,,,
Spain,David De Gea,Arquero,Manchester United,,,
Spain,Pepe Reina,Arquero,Napoli,,,
Spain,Kepa Arrizabalaga,Arquero,Athletic Club,,,
Spain,Sergio Ramos,Defensa,Real Madrid,,,
Spain,Gerard Piqué,Defensa,Barcelona,,,
Spain,Jordi Alba,Defensa,Barcelona,,,
Spain,Dani Carvajal,Defensa,Real Madrid,,,
Spain,César Azpilicueta,Defensa,Chelsea,,,
Spain,Álvaro Odriozola,Defensa,Real Sociedad,,,
Spain,Nacho Fernández,Defensa,Real Madrid,,,
Spain,Nacho Monreal,Defensa,Arsenal,,,
Spain,Andrés Iniesta,Centrocampista,Barcelona,,,
Spain,Sergio Busquets,Centrocampista,Barcelona,,,
Spain,Thiago Alcántara,Centrocampista,Bayern,,,
Spain,Koke,Centrocampista,Atlético de Madrid,,,
Spain,Isco,Centrocampista,Real Madrid,,,
Spain,Saúl Ñíguez,Centrocampista,Atlético de Madrid,,,
Spain,David Silva,Centrocampista,Manchester City,,,
Spain,Rodrigo Moreno,Delantero,Valencia,,,
Spain,Diego Costa,Delantero,Atlético de Madrid,,,
Spain,Iago Aspas,Delantero,Celta de Vigo,,,
Spain,Lucas Vázquez,Delantero,Real Madrid,,,
Spain,Marco Asensio,Delantero,Real Madrid,,,
Morocco,Monir El Kajaoui,Arquero,Numancia,,,
Morocco,Yassine Bounou,Arquero,Girona,,,
Morocco,Ahmed Reda Tagnaouti,Arquero,IR Tanger,,,
Morocco,Nabil Dirar,Defensa,Fenerbahçe SK,,,
Morocco,Marouane Da Costa,Defensa,Istanbul Basaksehir,,,
Morocco,Hamza Mendyl,Defensa,Lille,,,
Morocco,Romain Saiss,Defensa,Wolverhampton,,,
Morocco,Sofiane Amrabat,Defensa,Feyenoord,,,
Morocco,Mehdi Benatia,Defensa,Juventus,,,
Morocco,Achraf Hakimi,Defensa,Real Madrid,,,
Morocco,Badr Banoun,Defensa,Raja Casablanca,,,
Morocco,Karim El Ahmadi,Centrocampista,Feyenoord,,,
Morocco,Youssef Ait Bennasser,Centrocampista,Caen,,,
Morocco,M’Bark Boussoufa,Centrocampista,Al Jazira,,,
Morocco,Youns Belhanda,Centrocampista,Galatasaray,,,
Morocco,Fayçal Fajr,Centrocampista,Getafe,,,
Morocco,Amine Harit,Centrocampista,Schalke,,,
Morocco,Noureddine Amrabat,Centrocampista,Leganés,,,
Morocco,Hakim Ziyech,Centrocampista,Ajax,,,
Morocco,Khalid Boutaib,Delantero,Malatyaspor,,,
Morocco,Aziz Bouhaddouz,Delantero,St. Pauli,,,
Morocco,Mehdi Carcela-González,Delantero,Standard Lieja,,,
Morocco,Ayoub El Kaabi,Delantero,RS Berkane,,,
Morocco,Oualid El Hajjam,Delantero,Amiens,,,
Morocco,Noussair Mazraoui,Delantero,Ajax,,,
Morocco,Youssef En-Nesyri,Delantero,Málaga,,,
Iran,Alireza Beiranvand,Arquero,Persepolis,,,
Iran,Mohammad Mazaheri,Arquero,Zob Ahan,,,
Iran,Amir Abdezadeh,Arquero,Marítimo,,,
Iran,Ramin Rezaeian,Defensa,Oostende,,,
Iran,Mohammad Rez Khanzadeh,Defensa,Paddieh,,,
Iran,Milad Mohammadi,Defensa,Akhmat Grozny,,,
Iran,Pejman Montazeri,Defensa,Esteghlal,,,
Iran,Morteza Pouraliganji,Defensa,Al-Sadd,,,
Iran,Majid Hosseini,Defensa,Esteghlal,,,
Iran,Rouzbeh Cheshmi,Defensa,Esteghlal,,,
Iran,Masoud Shojaei,Centrocampista,AEK Atenas,,,
Iran,Saeid Ezatolahi,Centrocampista,Amkar Perm,,,
Iran,Saman Ghoddos,Centrocampista,Östersunds,,,
Iran,Ashkan Dejagah,Centrocampista,Nottingham Forest,,,
Iran,Omid Ebrahimi,Centrocampista,Esteghlal,,,
Iran,Mehdi Torabi,Centrocampista,Saipa,,,
Iran,Ehsan Hajsafi,Centrocampista,Olympiacos,,,
Iran,Ali Gholizadeh,Centrocampista,Saipa,,,
Iran,Vahid Amiri,Centrocampista,Persepolis,,,
Iran,Sardar Azmoun,Delantero,Rubin Kazan,,,
Iran,Reza Ghoochannejhad,Delantero,Heerenveen,,,
Iran,Alireza Jahanbakhsh,Delantero,AZ Alkmaar,,,
Iran,Mehdi Taremi,Delantero,Al-Gharafa,,,
France,Hugo Lloris,Arquero,Tottenham,,,
France,Steve Mandanda,Arquero,Olympique de Marsella,,,
France,Alphonse Areola,Arquero,PSG,,,
France,Djibril Sidibé,Defensa,Mónaco,,,
France,Benjamin Pavard,Defensa,Stuttgart,,,
France,Samuel Umtiti,Defensa,Barcelona,,,
France,Raphael Varane,Defensa,Real Madrid,,,
France,Presnel Kimpembe,Defensa,PSG,,,
France,Adil Rami,Defensa,Olympique de Marsella,,,
France,Benjamin Mendy,Defensa,Manchester City,,,
France,Lucas Hernández,Defensa,Atlético de Madrid,,,
France,Paul Pogba,Centrocampista,Manchester United,,,
France,Corentin Tolisso,Centrocampista,Bayern,,,
France,Blaise Matuidi,Centrocampista,Juventus,,,
France,Ngolo Kanté,Centrocampista,Chelsea,,,
France,Steven N'Zonzi,Centrocampista,Sevilla,,,
France,Antoine Griezmann,Delantero,"
Atlético de Madrid",,,
France,Olivier Giroud,Delantero,Chelsea,,,
France,Kylian Mbappé,Delantero,PSG,,,
France,Ousmane Dembele,Delantero,Barcelona,,,
France,Florian Thauvin,Delantero,Olympique de Marsella,,,
France,Nabil Fekir,Delantero,Lyon,,,
France,Thomas Lemar,Delantero,Mónaco,,,
Australia,Mathew Ryan,Arquero,Brighton and Hove Albion,,,
Australia,Brad Jones,Arquero,Feyenoord,,,
Australia,Danny Vuković,Arquero,KRC Genk,,,
Australia,Trent Sainsbury,Defensa,Grasshoppers,,,
Australia,Miloš Degenek,Defensa,Yokohama F. Marinos,,,
Australia,Matthew Jurman,Defensa,Suwon Bluewings,,,
Australia,Josh Risdon,Defensa,Western Sydney Wanderers,,,
Australia,Fran Karačić,Defensa,Lokomotiva Zagreb,,,
Australia,Aziz Behich,Defensa,Bursaspor,,,
Australia,James Meredith,Defensa,Millwall,,,
Australia,Mile Jedinak,Centrocampista,Aston Villa,,,
Australia,Mark Milligan,Centrocampista,Al-Ahli Yeda,,,
Australia,Massimo Luongo,Centrocampista,QPR,,,
Australia,Aaron Mooy,Centrocampista,Huddersfield Town,,,
Australia,Joshua Brillante,Centrocampista,Sydney FC,,,
Australia,James Troisi,Centrocampista,Melbourne Victory,,,
Australia,Tom Rogić,Centrocampista,Celtic FC,,,
Australia,Jackson Irvine,Centrocampista,Hull City,,,
Australia,Dimitri Petratos,Centrocampista,Newcastle Jets,,,
Australia,Daniel Arzani,Centrocampista,Melbourne Victory,,,
Australia,Mathew Leckie,Centrocampista,Hertha BSC,,,
Australia,Nikita Rukavytsya,Centrocampista,Maccabi Haifa,,,
Australia,Robbie Kruse,Centrocampista,VfL Bochum,,,
Australia,Andrew Nabbout,Centrocampista,Urawa Red Diamonds,,,
Australia,Tim Cahill,Delantero,Millwall,,,
Australia,Tomi Jurić,Delantero,Luzern,,,
Peru,Pedro Gallese,Arquero,Veracruz,,,
Peru,Carlos Cáceda,Arquero,Veracruz,,,
Peru,José Carvallo,Arquero,Universidad Técnica de Cajamarca,,,
Peru,Alberto Rodríguez,Defensa,Junior,,,
Peru,Christian Ramos,Defensa,Veracruz,,,
Peru,Miguel Araujo,Defensa,Alianza Lima,,,
Peru,Luis Abram,Defensa,Vélez,,,
Peru,Anderson Santamaría,Defensa,Puebla,,,
Peru,Luis Advíncula,Defensa,Lobos BUAP,,,
Peru,Aldo Corzo,Defensa,Universitario,,,
Peru,Miguel Trauco,Defensa,Flamengo,,,
Peru,Nilson Loyola,Defensa,Melgar,,,
Peru,Pedro Aquino,Centrocampista,Lobos BUAP,,,
Peru,Wilder Cartagena,Centrocampista,Veracruz,,,
Peru,Yoshimar Yotún,Centrocampista,Orlando City,,,
Peru,Renato Tapia,Centrocampista,Feyenoord,,,
Peru,Christian Cueva,Centrocampista,São Paulo,,,
Peru,Paolo Hurtado,Centrocampista,Vitória de Guimarães,,,
Peru,Sergio Peña,Centrocampista,Granada,,,
Peru,Jefferson Farfán,Delantero,Lokomotiv Moskva,,,
Peru,André Carrillo,Delantero,Watford,,,
Peru,Andy Polo,Delantero,Portland Timbers,,,
Peru,Edison Flores,Delantero,AaB Aalborg,,,
Peru,Raúl Ruidíaz,Delantero,Morelia,,,
Denmark,Kasper Schmeichel,Arquero,Leicester,,,
Denmark,Frederik Ronnow,Arquero,Brondby,,,
Denmark,Jonas Lössl,Arquero,Huddersfield,,,
Denmark,Jesper Hansen,Arquero,Midtjylland,,,
Denmark,Simon Kjaer,Defensa,Sevilla,,,
Denmark,Andreas Bjelland,Defensa,Brentford,,,
Denmark,Mathias ‘Zanka’ Jorgensen,Defensa,Huddersfield,,,
Denmark,Andreas Christensen,Defensa,Chelsea,,,
Denmark,Jens Stryger Larsen,Defensa,Udinese,,,
Denmark,Riza Durmisi,Defensa,Real Betis,,,
Denmark,Jannik Vestergaard,Defensa,Mönchengladbach,,,
Denmark,Henrik Dalsgaard,Defensa,Brentford,,,
Denmark,Jonas Knudsen,Defensa,Ipswich Town,,,
Denmark,Peter Ankersen,Defensa,Copenhague,,,
Denmark,Christian Eriksen,Centrocampista,Tottenham,,,
Denmark,Thomas Delaney,Centrocampista,W. Bremen,,,
Denmark,William Kvist,Centrocampista,Copenhague,,,
Denmark,Lasse Schöne,Centrocampista,Ajax,,,
Denmark,Lukas Lerager,Centrocampista,Girondins Bordeaux,,,
Denmark,Pierre-Emile Hojbjerg,Centrocampista,Southampton,,,
Denmark,Michael Krohn-Dehli,Centrocampista,Deportivo La Coruña,,,
Denmark,Daniel Wass,Centrocampista,Celta de Vigo,,,
Denmark,Mathias Jensen,Centrocampista,Nordsjaelland,,,
Denmark,Nicolai Jorgensen,Delantero,Feyenoord,,,
Denmark,Andreas Cornelius,Delantero,Atalanta,,,
Denmark,Nicklas Bendtner,Delantero,Rosenborg,,,
Denmark,Pione Sisto,Delantero,Celta de Vigo,,,
Denmark,Viktor Fischer,Delantero,Copenhague,,,
Denmark,Yussuf Yurary Poulsen,Delantero,RB Leipzig,,,
Denmark,Martin Braithwaite,Delantero,Girondins Bordeaux,,,
Denmark,Robert Skov,Delantero,Copenhague,,,
Denmark,Kasper Dolberg,Delantero,Ajax,,,
Denmark,Kenneth Zohore,Delantero,Cardiff,,,
Argentina,Nahuel Guzman ,Arquero ,Tigres UANL,,,
Argentina,Willy Caballero,Arquero ,Chelsea,,,
Argentina,Franco Armani,Arquero ,River Plate,,,
Argentina,Gabriel Mercado,Defensa,Sevilla,,,
Argentina,Javier Mascherano,Defensa,Hebei China Fortune,,,
Argentina,Nicolás Otamendi,Defensa,Manchester City,,,
Argentina,Federico Fazio,Defensa,Roma,,,
Argentina,Marcos Rojo,Defensa,Manchester United,,,
Argentina,Nicolás Tagliafico,Defensa,Ajax,,,
Argentina,Marcos Acuña,Defensa,Sporting,,,
Argentina,Cristian Ansaldi,Defensa,Torino,,,
Argentina,Eduardo Salvio,Defensa,Benfica,,,
Argentina,Manuel Lanzini,Centrocampista,West Ham,,,
Argentina,Maxi Meza,Centrocampista,Independiente,,,
Argentina,Lucas Biglia,Centrocampista,Milan,,,
Argentina,Éver Banega,Centrocampista,Sevilla,,,
Argentina,Gio Lo Celso,Centrocampista,PSG,,,
Argentina,Cristian Pavón,Centrocampista,Boca Juniors,,,
Argentina,Ángel Di María,Centrocampista,PSG,,,
Argentina,Paulo Dybala,Delantero,Juventus,,,
Argentina,Lionel Messi,Delantero,Barcelona,,,
Argentina,Sergio Agüero,Delantero,Manchester City,,,
Argentina,Gonzalo Higuaín,Delantero,Juventus,,,
Iceland,Hannes Þór Halldórsson,Arquero,Randers,,,
Iceland,Rúnar Alex Rúnarsson,Arquero,Nordsjelland,,,
Iceland,Frederik Schram,Arquero,Roskilde,,,
Iceland,Ari Freyr Skúlason,Defensa,Lokeren,,,
Iceland,Hördur B. Magnússon,Defensa,Bristol City,,,
Iceland,Ragnar Sigurdsson,Defensa,Rostov,,,
Iceland,Kári Árnason,Defensa,Aberdeen,,,
Iceland,Hólmar Örn Eyjólfsson,Defensa,Levski Sofia,,,
Iceland,Sverrir Ingi Ingason,Defensa,Rostov,,,
Iceland,Birkir Már Sævarsson,Defensa,Valur,,,
Iceland,Samúel Kári Fridjónsson,Defensa,Valerenga,,,
Iceland,Gylfi Sigurdsson,Centrocampista,Everton,,,
Iceland,Aron Einar Gunnarsson,Centrocampista,Cardiff City,,,
Iceland,Emil Hallfredsson,Centrocampista,Udinese,,,
Iceland,Birkir Bjarnason,Centrocampista,Aston Villa,,,
Iceland,Jóhann Berg Gudmundsson,Centrocampista,Burnley,,,
Iceland,Ólafur Ingi Skúlason,Centrocampista,Karabukspor,,,
Iceland,Arnór Ingvi Traustason,Centrocampista,Malmö,,,
Iceland,Rúrik Gíslason,Centrocampista,Sandhausen,,,
Iceland,Alfred Finnbogason,Delantero,Augsburg,,,
Iceland,Björn Bergmann Sigudarson,Delantero,Rostov,,,
Iceland,Jón Dadi Bödvarsson,Delantero,Reading,,,
Iceland,Albert Gudmundsson,Delantero,PSV,,,
Croatia,Daniel Subasic,Arquero,Mónaco,,,
Croatia,Lovre Kalinic,Arquero,Gent,,,
Croatia,Dominik Livakovic,Arquero,Dinamo Zagreb,,,
Croatia,Vedran Corluka,Defensa,Lokomotiv Moscú,,,
Croatia,Domagoj Vida,Defensa,Besiktas,,,
Croatia,Ivan Strinic,Defensa,Sampdoria,,,
Croatia,Dejan Lovren,Defensa,Liverpool,,,
Croatia,Sime Vrsaljko,Defensa,Atlético de Madrid,,,
Croatia,Josip Pivaric,Defensa,Dynamo Kiev,,,
Croatia,Tin Jedvaj,Defensa,Bayer Leverkusen,,,
Croatia,Matej Mitrovic,Defensa,Club Brujas,,,
Croatia,Duje Caleta-Car,Defensa,RB Salzburgo,,,
Croatia,Luka Modric,Centrocampista,Real Madrid,,,
Croatia,Ivan Rakitic,Centrocampista,Barcelona,,,
Croatia,Mateo Kovacic,Centrocampista,Real Madrid,,,
Croatia,Milan Badelj,Centrocampista,Fiorentina,,,
Croatia,Marcelo Brozovic,Centrocampista,Inter,,,
Croatia,Filip Bradaric,Centrocampista,Rijeka,,,
Croatia,Mario Mandzukic,Delantero,Juventus,,,
Croatia,Ivan Perisic,Delantero,Inter,,,
Croatia,Nikola Kalinic,Delantero,Milan,,,
Croatia,Andrej Kramaric,Delantero,Hoffenheim,,,
Croatia,Marko Pjaca,Delantero,Schalke,,,
Croatia,Ante Rebic,Delantero,Eintracht Frankfurt,,,
Nigeria,Ikechukwu Ezenwa,Arquero,Enyimba,,,
Nigeria,Daniel Akpeyi,Arquero,Chippa United,,,
Nigeria,Francis Uzoho,Arquero,Deportivo La Coruña,,,
Nigeria,Dele Ajiboye,Arquero,Pleateau FC,,,
Nigeria,William Troost-Ekong,Defensa,Bursaspor,,,
Nigeria,Leon Balogun,Defensa,Mainz,,,
Nigeria,Olaoluwa Aina,Defensa,Hull City,,,
Nigeria,Kenneth Omeruo,Defensa,Kasimpasa,,,
Nigeria,Bryan Idowu,Defensa,Amkar Perm,,,
Nigeria,Chidozie Awaziem,Defensa,Nantes,,,
Nigeria,Abdullahi Shehu,Defensa,Bursaspor,,,
Nigeria,Elderson Echiejile,Defensa,Círculo Brujas,,,
Nigeria,Tyronne Ebuehi,Defensa,ADO La Haya,,,
Nigeria,Stephen Eze ,Defensa,Lokomotiv Plovdiv,,,
Nigeria,John Obi Mikel,Centrocampista,Tianjin Teda,,,
Nigeria,Ogenyi Onazi,Centrocampista,Trabzonspor,,,
Nigeria,John Ogu,Centrocampista,Hapoel Beersheva,,,
Nigeria,Wilfried Ndidi,Centrocampista,Leicester,,,
Nigeria,Uche Agbo,Centrocampista,Standard Lieja,,,
Nigeria,Oghenekaro Etebo,Centrocampista,Las Palmas,,,
Nigeria,Joel Obi,Centrocampista,Torino,,,
Nigeria,Mikel Agu,Centrocampista,Bursaspor,,,
Nigeria,Odion Ighalo,Delantero,Changchun Yatai,,,
Nigeria,Ahmed Musa,Delantero,CSKA Moscú,,,
Nigeria,Victor Moses,Delantero,Chelsea,,,
Nigeria,Alex Iwobi,Delantero,Arsenal,,,
Nigeria,Kelechi Iheanacho,Delantero,Leicester,,,
Nigeria,Moses Simon,Delantero,Gent,,,
Nigeria,Junior Lokosa,Delantero,Kano Pillars,,,
Nigeria,Simeon Nwankwo,Delantero,Crotone,,,
Brazil,Alisson Becker,Arquero,Roma,,,
Brazil,Ederson Moraes,Arquero,Manchester City,,,
Brazil,Cassio,Arquero,Corinthians,,,
Brazil,Thiago Silva,Defensa,PSG,,,
Brazil,Marcelo,Defensa,Real Madrid,,,
Brazil,Joao Miranda,Defensa,Inter,,,
Brazil,Marquinhos,Defensa,PSG,,,
Brazil,Fagner,Defensa,Corinthians,,,
Brazil,Danilo,Defensa,Manchester City,,,
Brazil,Geromel,Defensa,Gremio,,,
Brazil,Filipe Luis,Defensa,Atlético de Madrid,,,
Brazil,Paulinho,Centrocampista,Barcelona,,,
Brazil,Fernandinho,Centrocampista,Manchester City,,,
Brazil,Fred,Centrocampista,Shakhtar Donetsk,,,
Brazil,Casemiro,Centrocampista,Real Madrid,,,
Brazil,Renato Augusto,Centrocampista,Beijing Guoan,,,
Brazil,Philippe Coutinho,Centrocampista,Barcelona,,,
Brazil,Willian,Centrocampista,Chelsea,,,
Brazil,Neymar,Delantero,PSG,,,
Brazil,Gabriel Jesus,Delantero,Manchester City,,,
Brazil,Douglas Costa,Delantero,Juventus,,,
Brazil,Roberto Firmino,Delantero,Liverpool,,,
Brazil,Taison,Delantero,Shakhtar,,,
Switzerland,Roman Bürki,Arquero,Dortmund,,,
Switzerland,Gregor Kobel,Arquero,Hoffenheim,,,
Switzerland,Yvon Mvogo,Arquero,RB Leipzig,,,
Switzerland,Yann Sommer,Arquero,Mönchengladbach,,,
Switzerland,Manuel Akanji,Defensa,Dortmund,,,
Switzerland,Johan Djourou,Defensa,Antalyaspor,,,
Switzerland,Nico Elvedi,Defensa,Mönchengladbach,,,
Switzerland,Michael Lang,Defensa,Basilea,,,
Switzerland,Stephan Lichtsteiner,Defensa,Juventus,,,
Switzerland,François Moubandje,Defensa,Toulouse,,,
Switzerland,Ricardo Rodriguez,Defensa,Milan,,,
Switzerland,Fabian Schär,Defensa,Deportivo La Coruña,,,
Switzerland,Silvan Widmer,Defensa,Udinese,,,
Switzerland,Valon Behrami,Centrocampista,Udinese,,,
Switzerland,Blerim Dzemaili,Centrocampista,Bolonia,,,
Switzerland,Edmilson Fernandes,Centrocampista,West Ham,,,
Switzerland,Gelson Fernandes,Centrocampista,E. Frankfurt,,,
Switzerland,Remo Freuler,Centrocampista,Atalanta,,,
Switzerland,Granit Xhaka,Centrocampista,Arsenal,,,
Switzerland,Denis Zakaria,Centrocampista,Mönchengladbach,,,
Switzerland,Steven Zuber,Centrocampista,Hoffenheim,,,
Switzerland,Josip Drmic,Delantero,Mönchengladbach,,,
Switzerland,Breel Embolo,Delantero,Schalke,,,
Switzerland,Mario Gavranovic,Delantero,Dinamo Zagreb,,,
Switzerland,Haris Seferovic,Delantero,Benfica,,,
Switzerland,Xherdan Shaqiri,Delantero,Stoke City,,,
Costa Rica,Keylor Navas,Arquero,Real Madrid,,,
Costa Rica,Patrick Pemberton,Arquero,Alajuelense,,,
Costa Rica,Leonel Moreira,Arquero,Herediano,,,
Costa Rica,Cristian Gamboa,Defensa,Celtic,,,
Costa Rica,Ian Smith,Defensa,Norrköping,,,
Costa Rica,Ronald Matarrita,Defensa,New York City,,,
Costa Rica,Bryan Oviedo,Defensa,Sunderland,,,
Costa Rica,Óscar Duarte,Defensa,RCD Espanyol,,,
Costa Rica,Giancarlo González,Defensa,Bolonia,,,
Costa Rica,Francisco Calvo,Defensa,Minnesota United,,,
Costa Rica,Kendall Waston,Defensa,Vancouver Whitecaps,,,
Costa Rica,Johnny Acosta,Defensa,Águilas,,,
Costa Rica,David Guzmán,Centrocampista,Portland Timbers,,,
Costa Rica,Yeltsin Tejeda,Centrocampista,Lausanne,,,
Costa Rica,Celso Borges,Centrocampista,Deportivo La Coruña,,,
Costa Rica,Randall Azofeiva,Centrocampista,Herediano,,,
Costa Rica,Christian Bolaños,Centrocampista,Deportivo Saprissa,,,
Costa Rica,Rooney Wallace,Centrocampista,New York City,,,
Costa Rica,Daniel Colindres,Centrocampista,Deportivo Saprissa,,,
Costa Rica,Bryan Ruiz,Centrocampista,Sporting,,,
Costa Rica,Joel Campbell,Delantero,Real Betis,,,
Costa Rica,Johan Venegas,Delantero,Deportivo Saprissa,,,
Costa Rica,Marco Ureña,Delantero,Los Ángeles FC,,,
Serbia,Vladimir Stojkovic,Arquero,Partizan,,,
Serbia,Predrag Rajkovic,Arquero,Maccabi Tel Aviv,,,
Serbia,Marko Dmitrovic,Arquero,Eibar,,,
Serbia,Aleksandar Jovanovic,Arquero,Aarhus,,,
Serbia,Branislav Ivanovic,Defensa,Zenit,,,
Serbia,Aleksandar Kolarov,Defensa,Roma,,,
Serbia,Antonio Rukavina,Defensa,Villarreal,,,
Serbia,Matija Nastasic,Defensa,Schalke,,,
Serbia,Dusko Tosic,Defensa,Besiktas,,,
Serbia,Uros Spajic,Defensa,Krasnodar,,,
Serbia,Milos Veljkovic,Defensa,W. Bremen,,,
Serbia,Nikola Milenkovic,Defensa,Fiorentina,,,
Serbia,Milan Rodic,Defensa,Estrella Roja,,,
Serbia,Dusan Tadic,Centrocampista,Southampton,,,
Serbia,Nemanja Matic ,Centrocampista,Manchester United,,,
Serbia,Luka Milivojekvic,Centrocampista,C. Palace,,,
Serbia,Adem Ljajic,Centrocampista,Torino,,,
Serbia,Filip Kostic,Centrocampista,Hamburgo,,,
Serbia,Andrija Zivkovic,Centrocampista,Benfica,,,
Serbia,Mijat Gacinovic,Centrocampista,Eintracht Frankfurt,,,
Serbia,Marko Grujic,Centrocampista,Cardiff,,,
Serbia,Nemanja Maksimovic,Centrocampista,Valencia,,,
Serbia,Sergej Milinkovic-Savic,Centrocampista,Lazio,,,
Serbia,Nemanja Radonjic,Centrocampista,Estrella Roja,,,
Serbia,Aleksandar Mitrovic,Delantero,Fulham,,,
Serbia,Aleksandar Prijovic,Delantero,PAOK,,,
Serbia,Luka Jovic,Delantero,Eintracht Frankfurt,,,
Germany,Marc-André Ter Stegen,Arquero,Barcelona,,,
Germany,Bernd Leno,Arquero,Bayer Leverkusen,,,
Germany,Kevin Trapp,Arquero,PSG,,,
Germany,Manuel Neuer,Arquero,Bayern,,,
Germany,Jerôme Boateng,Defensa,Bayern,,,
Germany,Matthias Ginter,Defensa,Mönchengladbach,,,
Germany,Mats Hummels,Defensa,Bayern,,,
Germany,Joshua Kimmich,Defensa,Bayern,,,
Germany,Antonio Rüdiger,Defensa,Chelsea,,,
Germany,Jonas Hector,Defensa,Colonia,,,
Germany,Niklas Süle,Defensa,Bayern,,,
Germany,Marvin Plattenhardt,Defensa,Hertha,,,
Germany,Jonathan Tah,Defensa,Bayer Leverkusen,,,
Germany,Leon Goretzka,Centrocampista,Schalke,,,
Germany,Toni Kroos,Centrocampista,Real Madrid,,,
Germany,Sami Khedira,Centrocampista,Juventus,,,
Germany,Mesut Özil,Centrocampista,Arsenal,,,
Germany,Ilkay Gündogan,Centrocampista,Manchester City,,,
Germany,Julian Draxler,Centrocampista,PSG,,,
Germany,Sebastian Rudy,Centrocampista,Bayern,,,
Germany,Leroy Sané,Delantero,Manchester City,,,
Germany,Julian Brandt,Delantero,Bayer Leverkusen,,,
Germany,Timo Werner,Delantero,RB Leipzig,,,
Germany,Thomas Müller,Delantero,Bayern,,,
Germany,Mario Gómez,Delantero,Stuttgart,,,
Germany,Marco Reus,Delantero,Dortmund,,,
Germany,Nils Petersen,Delantero,Friburgo,,,
Mexico,Jesús Corona,Arquero,Cruz Azul,,,
Mexico,Alfredo Talavera,Arquero,Toluca,,,
Mexico,Guillermo Ochoa,Arquero,Standard Lieja,,,
Mexico,Edson Álvarez,Defensa,Club América,,,
Mexico,Oswaldo Alanís,Defensa,Chivas,,,
Mexico,Néstor Araujo,Defensa,Santos Laguna,,,
Mexico,Hugo Ayala,Defensa,Tigres,,,
Mexico,Jesús Gallardo,Defensa,Pumas UNAM,,,
Mexico,Miguel Layún,Defensa,Sevilla,,,
Mexico,Héctor Moreno,Defensa,Real Sociedad,,,
Mexico,Diego Reyes,Defensa,Oporto,,,
Mexico,Carlos Salcedo,Defensa,Eintracht Frankfurt,,,
Mexico,Rafa Márquez,Defensa,Atlas,,,
Mexico,Jesús Corona,Centrocampista,Oporto,,,
Mexico,Jürgen Damm,Centrocampista,Tigres,,,
Mexico,Marco Fabián,Centrocampista,Eintracht Frankfurt,,,
Mexico,Gio Dos Santos,Centrocampista,LA Galaxy,,,
Mexico,Jonathan Dos Santos,Centrocampista,LA Galaxy,,,
Mexico,Andrés Guardado,Centrocampista,Real Betis,,,
Mexico,Erick Gutiérrez,Centrocampista,Pachuca,,,
Mexico,Héctor Herrera,Centrocampista,Oporto,,,
Mexico,Jesús Molina,Centrocampista,Monterrey,,,
Mexico,Javier Aquino,Centrocampista,Tigres UANL,,,
Mexico,Raúl Jiménez,Delantero,Benfica,,,
Mexico,Chicharito Hernández,Delantero,West Ham,,,
Mexico,Hirving Lozano,Delantero,PSV ,,,
Mexico,Oribe Peralta,Delantero,Club América,,,
Mexico,Carlos Vela,Delantero,Los Ángeles,,,
Sweden,Robin Olsen,Arquero,Copenhague,,,
Sweden,Karl-Johan Johnsson,Arquero,Guingamp,,,
Sweden,Kristoffer Nordfeldt,Arquero,Swansea,,,
Sweden,Mikael Lustig,Defensa,Celtic,,,
Sweden,Victor Nilsson Lindelöf,Defensa,Manchester United,,,
Sweden,Andreas Granqvist,Defensa,Krasnodar,,,
Sweden,Martin Olsson,Defensa,Swansea,,,
Sweden,Ludwig Augustinsson,Defensa,Werder Bremen,,,
Sweden,Filip Helander,Defensa,Bologna,,,
Sweden,Emil Krafth,Defensa,Bologna,,,
Sweden,Pontus Jansson,Defensa,Leeds,,,
Sweden,Victor Claesson,Centrocampista,Krasnodar,,,
Sweden,Jimmy Durmaz,Centrocampista,Toulouse,,,
Sweden,Emil Forsberg,Centrocampista,Leipzig,,,
Sweden,Sebastian Larsson,Centrocampista,Hull,,,
Sweden,Gustav Svensson,Centrocampista,Seattle,,,
Sweden,Albin Ekdal,Centrocampista,Hamburgo,,,
Sweden,Oscar Hiljemark,Centrocampista,Génova,,,
Sweden,Marcus Rohdén,Centrocampista,Crotone,,,
Sweden,Marcus Berg,Delantero,Al Ain,,,
Sweden,John Guidetti,Delantero,Alavés,,,
Sweden,Isaac Kiese Thelin,Delantero,Waasland-Beveren,,,
Sweden,Ola Toivonen,Delantero,Toulouse,,,
South Korea,Kim Seung-Gyu,Arquero,Vissel Kobe,,,
South Korea,Kim Jin-Hyeon,Arquero,Cerezo Osaka,,,
South Korea,Cho Hyun-Woo,Arquero,Deagu FC,,,
South Korea,Kim Young-Gwon,Defensa,Guangzhou Evergrande,,,
South Korea,Jang Hyun-Soo,Defensa,FC Tokyo,,,
South Korea,Park Joo-Ho,Defensa,Ulsan Hyundai,,,
South Korea,Kim Jin-Su,Defensa,Jeonbuk Motors,,,
South Korea,Lee Yong,Defensa,Jeonbuk Motors,,,
South Korea,Go Yo-Han,Defensa,FC Seúl,,,
South Korea,Kim Min-Woo,Defensa,Sangju Sangmu,,,
South Korea,Hong Chul,Defensa,Sangju Sangmu,,,
South Korea,Yun Young-Sun,Defensa,Seongnam FC,,,
South Korea,Kwon Kyung-Won,Defensa,Tinajin Quanjian,,,
South Korea,Jung Seung-Hyun,Defensa,Sagan Tosu,,,
South Korea,Oh Ban-Suk,Defensa,Jeju United,,,
South Korea,Ki Sung-Yueng,Centrocampista,Swansea,,,
South Korea,Lee Chung-Yong,Centrocampista,Crystal Palace,,,
South Korea,Koo Ja-Cheol,Centrocampista,Augsburgo,,,
South Korea,Lee Jae-Sung,Centrocampista,Jeonbuk Motors,,,
South Korea,Jung Woo-Young,Centrocampista,Vissel Kobe,,,
South Korea,Kwon Chang-Hoon,Centrocampista,Dijon,,,
South Korea,Ju Se-Jong,Centrocampista,Asan Mugunghwa,,,
South Korea,Moon Seon-Min,Centrocampista,Incheon United,,,
South Korea,Lee Seung-Woo,Delantero,Hellas Verona,,,
South Korea,Lee Keun-Ho,Delantero,Gangwon FC,,,
South Korea,Son Heung-Min,Delantero,Tottenham,,,
South Korea,Kim Shin-Wook,Delantero,Jeonbuk Motors,,,
South Korea,Hwang Hee-Chan,Delantero,RB Salzburgo,,,
Belgium,Thibaut Courtois,Arquero,Chelsea,,,
Belgium,Matz Sels,Arquero,Anderlecht,,,
Belgium,Koen Casteels,Arquero,Wolfsburgo,,,
Belgium,Simon Mignolet,Arquero,Liverpool,,,
Belgium,Toby Alderweireld,Defensa,Tottenham,,,
Belgium,Jan Vertonghen,Defensa,Tottenham,,,
Belgium,Thomas Vermaelen,Defensa,Barcelona,,,
Belgium,Dedryck Boyata,Defensa,Celtic,,,
Belgium,Laurent Ciman,Defensa,Los Angeles FC,,,
Belgium,Christian Kabasele,Defensa,Watford,,,
Belgium,Vincent Kompany,Defensa,Manchester City,,,
Belgium,Jordan Lukaku,Defensa,Lazio,,,
Belgium,Thomas Meunier,Defensa,PSG,,,
Belgium,Yannick Carrasco,Centrocampista,Dalian Yifang,,,
Belgium,Nacer Chadli,Centrocampista,West Brom,,,
Belgium,Kevin De Bruyne,Centrocampista,Manchester City,,,
Belgium,Mousa Dembélé,Centrocampista,Tottenham,,,
Belgium,Leander Dendoncker,Centrocampista,Anderlecht,,,
Belgium,Marouane Fellaini,Centrocampista,Manchester United,,,
Belgium,Axel Witsel,Centrocampista,Tianjin Quanjian,,,
Belgium,Youri Tielemans,Centrocampista,Mónaco,,,
Belgium,Christian Benteke,Delantero,Crystal Palace,,,
Belgium,Eden Hazard,Delantero,Chelsea,,,
Belgium,Thorgan Hazard,Delantero,Mönchengladbach,,,
Belgium,Adnan Januzaj,Delantero,Real Sociedad,,,
Belgium,Romelu Lukaku,Delantero,Manchester United,,,
Belgium,Dries Mertens,Delantero,Napoli,,,
Belgium,Michy Bats,Delantero,Dortmund,,,
Panama,José Calderón,Arquero,Chorrillo FC,,,
Panama,Jaime Penedo,Arquero,Dinamo Bucharest,,,
Panama,Alex Rodríguez,Arquero,San Francisco FC,,,
Panama,Felipe Baloy,Defensa,CSD Municipal,,,
Panama,Harold Cummings,Defensa,San José Earthquakes,,,
Panama,Eric Davis,Defensa,DAC Dunajska Streda,,,
Panama,Fidel Escobar,Defensa,New York Red Bulls,,,
Panama,Adolfo Machado,Defensa,Houston Dynamo,,,
Panama,Michael Murillo,Defensa,New York Red Bulls,,,
Panama,Luis Ovalle,Defensa,CD Olimpia,,,
Panama,Román Torres,Defensa,Seattle Sounders SC,,,
Panama,Edgar Bárcenas,Centrocampista,Cafetaleros de Tapachula,,,
Panama,Armando Cooper,Centrocampista,Club Universidad de Chile,,,
Panama,Aníbal Godoy,Centrocampista,San José Earthquakes,,,
Panama,Gabriel Gómez,Centrocampista,Bucaramanga,,,
Panama,Valentín Pimentel,Centrocampista,Plaza Amador,,,
Panama,Alberto Quintero,Centrocampista,Universitario de Lima,,,
Panama,José Luis Rodríguez,Centrocampista,KAA Gent,,,
Panama,Abdiel Arroyo,Delantero,LD Alajuelense,,,
Panama,Ismael Díaz,Delantero,Deportivo La Coruña,,,
Panama,Blas Pérez,Delantero,CSD Municipal,,,
Panama,Luis Tejada,Delantero,Sports Boys,,,
Panama,Gabriel Torres,Delantero,CD Huachipato,,,
Tunisia,Mathlouthi Aymen,Arquero,Al Batin,,,
Tunisia,Ben Cherifia Moez,Arquero,ES Tunis,,,
Tunisia,Ben Mustapha Farouk,Arquero,Al Shabab,,,
Tunisia,Moez Hassen,Arquero,Chateauroux,,,
Tunisia,Hamdi Nagguez,Defensa,Zamalek,,,
Tunisia,Dylan Bronn,Defensa,Gent,,,
Tunisia,Rami Bedoui,Defensa,ES Setif,,,
Tunisia,Yohan Ben Olouane,Defensa,Leicester,,,
Tunisia,Siyam Ben Youssef,Defensa,Kasimpasa,,,
Tunisia,Yessine Meriah,Defensa,CS Sfaxien,,,
Tunisia,Bilel Mohsni,Defensa,Dundee United,,,
Tunisia,Khalil Chammam,Defensa,ES Tunis,,,
Tunisia,Oussama Haddai,Defensa,Dijon,,,
Tunisia,Ali Maaloul,Defensa,Al Ahly,,,
Tunisia,Elyess Skhiri,Centrocampista,Montpellier,,,
Tunisia,Mohamed Amine Ben Amor,Centrocampista,Al Ahly,,,
Tunisia,Ghaylene Chalali,Centrocampista,ES Tunis,,,
Tunisia,Karim Laaribi,Centrocampista,Cesena,,,
Tunisia,Ferjani Sassi,Centrocampista,Al Nassr,,,
Tunisia,Ahmed Khlil,Centrocampista,Club Africain,,,
Tunisia,Seifeddine Khaoui,Centrocampista,Troyes,,,
Tunisia,Mohamed Wael Arbi,Centrocampista,Tours,,,
Tunisia,Fakhreddine Ben Youssef,Delantero,Al Ittifaq,,,
Tunisia,Anice Badri,Delantero,ES Tunis,,,
Tunisia,Bassem Srarfi,Delantero,Niza,,,
Tunisia,Ahmed Akaichi,Delantero,Al Ittihad,,,
Tunisia,Wahbi Khazri,Delantero,Rennes,,,
Tunisia,Naim Sliti,Delantero,Dijon,,,
Tunisia,Sabeur Khlifa,Delantero,Club Africain,,,
England,Jack Butland,Arquero,Stoke City,,,
England,Jordan Pickford,Arquero,Everton,,,
England,Nick Pope,Arquero,Burnley,,,
England,Trent Alexander-Arnold,Defensa,Liverpool,,,
England,Gary Cahill,Defensa,Chelsea,,,
England,Harry Maguire,Defensa,Leicester,,,
England,Kyle Walker,Defensa,Manchester City,,,
England,John Stones,Defensa,Manchester City,,,
England,Phil Jones,Defensa,Manchester United,,,
England,Ashley Young,Defensa,Manchester United,,,
England,Kieran Trippier,Defensa,Tottenham,,,
England,Danny Rose,Defensa,Tottenham,,,
England,Dele Alli,Centrocampista,Tottenham,,,
England,Fabian Delph,Centrocampista,Manchester City,,,
England,Jordan Henderson,Centrocampista,Liverpool,,,
England,Eric Dier,Centrocampista,Tottenham,,,
England,Ruben Loftus-Cheek,Centrocampista,Crystal Palace,,,
England,Jesse Lingard,Centrocampista,Manchester United,,,
England,Raheem Sterling,Centrocampista,Manchester City,,,
England,Harry Kane,Delantero,Tottenham,,,
England,Jamie Vardy,Delantero,Leicester,,,
England,Marcus Rashford,Delantero,Manchester United,,,
England,Danny Welbeck,Delantero,Arsenal,,,
Poland,Lukasz Fabiański,Arquero,Swansea City,,,
Poland,Wojciech Szczesny,Defensa,Juventus,,,
Poland,Lukasz Skorupski,Defensa,AS Roma,,,
Poland,Bartosz Bialkowski,Defensa,Ipswich Town,,,
Poland,Kamil Glik,Defensa,Mónaco,,,
Poland,Michal Pazdan,Defensa,Legia Warszawa,,,
Poland,Thiago Cionek,Defensa,SPAL,,,
Poland,Marcin Kaminski,Defensa,VfB Stuttgart,,,
Poland,Jan Bednarek,Defensa,Southampton,,,
Poland,Lukasz Piszczek,Defensa,Dortmund,,,
Poland,Tomasz Kedziora,Defensa,Dynamo Kyiv,,,
Poland,Maciej Rybus,Defensa,Lokomotiv Moskva,,,
Poland,Artur Jędrzejczyk,Defensa,Legia Warszawa,,,
Poland,Bartosz Bereszynski,Defensa,Sampdoria,,,
Poland,Grzegorz Krychowiak,Centrocampista,West Bromwich Albion,,,
Poland,Jacek Góralski,Centrocampista,Ludogorets Razgrad,,,
Poland,Pawel Dawidowicz,Centrocampista,Palermo,,,
Poland,Krzysztof Mączynski,Centrocampista,Legia Warszawa,,,
Poland,Piotr Zielinski,Centrocampista,Napoli,,,
Poland,Karol Linetty,Centrocampista,Sampdoria,,,
Poland,Sebastian Szymanski,Centrocampista,Legia Warszawa,,,
Poland,Szymon Zurkowski,Centrocampista,Górnik Zabrze,,,
Poland,Jakub Blaszczykowski,Centrocampista,Wolfsburg,,,
Poland,Kamil Grosicki,Centrocampista,Hull City,,,
Poland,Sławomir Peszko,Centrocampista,Lechia Gdansk,,,
Poland,Przemyslaw Frankowski,Centrocampista,Jagiellonia Białystok,,,
Poland,Rafal Kurzawa,Centrocampista,Górnik Zabrze,,,
Poland,Maciej Makuszewski,Centrocampista,Lech Poznan,,,
Poland,Damian Kądzior,Centrocampista,Górnik Zabrze,,,
Poland,Robert Lewandowski,Delantero,Bayern,,,
Poland,Arkadiusz Milik,Delantero,Napoli,,,
Poland,Lukasz Teodorczyk,Delantero,RSC Anderlecht,,,
Poland,Dawid Kownacki,Delantero,Sampdoria,,,
Poland,Kamil Wilczek,Delantero,Brondby IF,,,
Poland,Krzysztof Piątek,Delantero,Cracovia Krakow,,,
Senegal,Khadim N’Diaye,Arquero,Horoya,,,
Senegal,Abdoulaye Diallo,Arquero,Rennes,,,
Senegal,Alfred Gomis,Arquero,SPAL,,,
Senegal,Kara Mbodji,Defensa,RSC Anderlecht,,,
Senegal,Kalidou Koulibaly,Defensa,Napoli,,,
Senegal,Salif Sané,Defensa,Hannover 96,,,
Senegal,Lamine Gassama,Defensa,Alanyaspor,,,
Senegal,Moussa Wagué,Defensa,KAS Eupen,,,
Senegal,Youssouf Sabaly,Defensa,Girondins de Bordeaux,,,
Senegal,Saliou Ciss,Defensa,Valenciennes,,,
Senegal,Idrissa Gana Gueye,Centrocampista,Everton,,,
Senegal,Cheikhou Kouyaté,Centrocampista,West Ham,,,
Senegal,Alfred N’Diaye,Centrocampista,Wolverhampton,,,
Senegal,Cheikh N’Doye,Centrocampista,Birmingham City,,,
Senegal,Badou N’Diaye,Centrocampista,Stoke City,,,
Senegal,Sadio Mané,Delantero,Liverpool,,,
Senegal,Keita Baldé,Delantero,Mónaco,,,
Senegal,Ismaïla Sarr,Delantero,Rennes,,,
Senegal,M’Baye Niang,Delantero,Torino,,,
Senegal,Moussa Sow,Delantero,Bursaspor,,,
Senegal,Mame Biram Diouf,Delantero,Stoke City,,,
Senegal,Moussa Konaté,Delantero,Amiens,,,
Senegal,Diafra Sakho,Delantero,Rennes,,,
Colombia,David Ospina,Arquero,Arsenal,,,
Colombia,Camilo Vargas,Arquero,Deportivo Cali,,,
Colombia,José Fernando Cuadrado,Arquero,Once Caldas,,,
Colombia,Santiago Arias,Defensa,PSV,,,
Colombia,Frank Fabra,Defensa,Boca Juniors,,,
Colombia,Yerri Mina,Defensa,Barcelona,,,
Colombia,Johan Mojica,Defensa,Girona,,,
Colombia,Óscar Murillo,Defensa,Pachuca,,,
Colombia,Davinson Sánchez,Defensa,Tottenham,,,
Colombia,Cristian Zapata,Defensa,Milan,,,
Colombia,Farid Díaz,Defensa,Olimpia,,,
Colombia,Abel Aguilar,Centrocampista,Deportivo Cali,,,
Colombia,Wilmar Barrios,Centrocampista,Boca Juniors,,,
Colombia,Juan Guillermo Cuadrado,Centrocampista,Juventus,,,
Colombia,Jefferson Lerma,Centrocampista,Levante,,,
Colombia,Juan Fernando Quintero,Centrocampista,River Plate,,,
Colombia,Carlos Sánchez,Centrocampista,Espanyol,,,
Colombia,James Rodríguez,Centrocampista,Bayern,,,
Colombia,Mateus Uribe,Centrocampista,Club América,,,
Colombia,Carlos Bacca,Delantero,Villarreal,,,
Colombia,Miguel Borja,Delantero,Palmeiras,,,
Colombia,Radamel Falcaó,Delantero,Mónaco,,,
Colombia,José Heriberto Izquierdo,Delantero,Brighton,,,
Colombia,Luis Fernando Muriel,Delantero,Sevilla,,,
Japan,Eiji Kawashima,Arquero,FC Metz,,,
Japan,Masaaki Higashiguchi,Arquero,Gamba Osaka,,,
Japan,Kosuke Nakamura,Arquero,Kashima Antlers,,,
Japan,Yuto Nagatomo,Defensa,Galatasaray,,,
Japan,Tomoaki Makino,Defensa,Urawa Reds,,,
Japan,Maya Yoshida,Defensa,Southampton,,,
Japan,Hiroki Sakai,Defensa,Olympique Marsella,,,
Japan,Gotoku Sakai,Defensa,Hamburgo,,,
Japan,Gen Shoji,Defensa,Kashima Antlers,,,
Japan,Wataru Endo,Defensa,Urawa Reds,,,
Japan,Naomichi Ueda,Defensa,Kashima Antlers,,,
Japan,Makoto Hasebe,Centrocampista,Eintracht Fráncfort,,,
Japan,Keisuke Honda,Centrocampista,Pachuca,,,
Japan,Takashi Inui,Centrocampista,Eibar,,,
Japan,Hotaru Yamaguchi,Centrocampista,Cerezo Osaka,,,
Japan,Shinji Kagawa,Centrocampista,Dortmund,,,
Japan,Genki Haraguchi,Centrocampista,Dusseldorf,,,
Japan,Takashi Usami,Centrocampista,Dusseldorf,,,
Japan,Gaku Shibasaki,Centrocampista,Getafe,,,
Japan,Ryota Ohshima,Centrocampista,Kawasaki Frontale,,,
Japan,Shinji Okazaki,Delantero,Leicester,,,
Japan,Yuya Osako,Delantero,Werder Bremen,,,
Japan,Yoshinori Muto,Delantero,Mainz,,,